{
  "Level 2, Run 2List Products" : {
    "transaction" : "Level 2, Run 2List Products",
    "sampleCount" : 566,
    "errorCount" : 15,
    "errorPct" : 2.6501768,
    "meanResTime" : 1184.2667844522969,
    "medianResTime" : 680.5,
    "minResTime" : 0.0,
    "maxResTime" : 21347.0,
    "pct1ResTime" : 2013.6000000000006,
    "pct2ResTime" : 3609.599999999999,
    "pct3ResTime" : 11857.62,
    "throughput" : 2.121176915898708,
    "receivedKBytesPerSec" : 240.1872766920227,
    "sentKBytesPerSec" : 0.3549153403064838
  },
  "Level 2, Run 1List Products" : {
    "transaction" : "Level 2, Run 1List Products",
    "sampleCount" : 514,
    "errorCount" : 14,
    "errorPct" : 2.7237353,
    "meanResTime" : 1241.3190661478593,
    "medianResTime" : 736.5,
    "minResTime" : 0.0,
    "maxResTime" : 27014.0,
    "pct1ResTime" : 2172.5,
    "pct2ResTime" : 3193.5,
    "pct3ResTime" : 6997.800000000001,
    "throughput" : 1.948992514958707,
    "receivedKBytesPerSec" : 218.62319639986197,
    "sentKBytesPerSec" : 0.3258590355141321
  },
  "Level 2, Run 1Update Cart" : {
    "transaction" : "Level 2, Run 1Update Cart",
    "sampleCount" : 511,
    "errorCount" : 0,
    "errorPct" : 0.0,
    "meanResTime" : 1171.1252446183955,
    "medianResTime" : 617.0,
    "minResTime" : 90.0,
    "maxResTime" : 23413.0,
    "pct1ResTime" : 1621.2,
    "pct2ResTime" : 2779.5999999999995,
    "pct3ResTime" : 22894.28,
    "throughput" : 1.959528639412218,
    "receivedKBytesPerSec" : 20.01764947876922,
    "sentKBytesPerSec" : 0.8576120893042715
  },
  "Level 2, Run 2Login-0" : {
    "transaction" : "Level 2, Run 2Login-0",
    "sampleCount" : 566,
    "errorCount" : 0,
    "errorPct" : 0.0,
    "meanResTime" : 333.45229681978833,
    "medianResTime" : 208.0,
    "minResTime" : 21.0,
    "maxResTime" : 4043.0,
    "pct1ResTime" : 620.5,
    "pct2ResTime" : 991.2499999999994,
    "pct3ResTime" : 2444.5500000000015,
    "throughput" : 2.1022058304641567,
    "receivedKBytesPerSec" : 1.6348184572557671,
    "sentKBytesPerSec" : 0.5715357593197173
  },
  "Level 2, Run 1Login-0" : {
    "transaction" : "Level 2, Run 1Login-0",
    "sampleCount" : 515,
    "errorCount" : 0,
    "errorPct" : 0.0,
    "meanResTime" : 364.0194174757282,
    "medianResTime" : 222.0,
    "minResTime" : 28.0,
    "maxResTime" : 5340.0,
    "pct1ResTime" : 734.0000000000005,
    "pct2ResTime" : 1241.0,
    "pct3ResTime" : 1993.239999999999,
    "throughput" : 1.9342432414160913,
    "receivedKBytesPerSec" : 1.5108744551725044,
    "sentKBytesPerSec" : 0.525883384615818
  },
  "Level 2, Run 1Login-1" : {
    "transaction" : "Level 2, Run 1Login-1",
    "sampleCount" : 515,
    "errorCount" : 1,
    "errorPct" : 0.19417475,
    "meanResTime" : 573.1378640776697,
    "medianResTime" : 303.0,
    "minResTime" : 22.0,
    "maxResTime" : 22763.0,
    "pct1ResTime" : 814.4000000000002,
    "pct2ResTime" : 1122.9999999999995,
    "pct3ResTime" : 5242.479999999999,
    "throughput" : 1.9427657439472472,
    "receivedKBytesPerSec" : 17.28783742587311,
    "sentKBytesPerSec" : 0.28408749306828723
  },
  "Level 2, Run 2Login-1" : {
    "transaction" : "Level 2, Run 2Login-1",
    "sampleCount" : 566,
    "errorCount" : 0,
    "errorPct" : 0.0,
    "meanResTime" : 536.4045936395761,
    "medianResTime" : 289.0,
    "minResTime" : 20.0,
    "maxResTime" : 15210.0,
    "pct1ResTime" : 698.2,
    "pct2ResTime" : 906.0,
    "pct3ResTime" : 15196.0,
    "throughput" : 2.1127601755905276,
    "receivedKBytesPerSec" : 18.838058892256697,
    "sentKBytesPerSec" : 0.3096139395045092
  },
  "Level 2, Run 1Update Cart-0" : {
    "transaction" : "Level 2, Run 1Update Cart-0",
    "sampleCount" : 511,
    "errorCount" : 0,
    "errorPct" : 0.0,
    "meanResTime" : 285.34442270058696,
    "medianResTime" : 153.0,
    "minResTime" : 10.0,
    "maxResTime" : 4454.0,
    "pct1ResTime" : 662.6,
    "pct2ResTime" : 898.5999999999993,
    "pct3ResTime" : 1612.6399999999999,
    "throughput" : 1.9625540086413829,
    "receivedKBytesPerSec" : 1.2821763982237158,
    "sentKBytesPerSec" : 0.5637864558329333
  },
  "Level 2, Run 1Update Cart-1" : {
    "transaction" : "Level 2, Run 1Update Cart-1",
    "sampleCount" : 511,
    "errorCount" : 0,
    "errorPct" : 0.0,
    "meanResTime" : 885.7279843444214,
    "medianResTime" : 418.0,
    "minResTime" : 50.0,
    "maxResTime" : 22790.0,
    "pct1ResTime" : 1058.8,
    "pct2ResTime" : 1542.799999999998,
    "pct3ResTime" : 21897.079999999998,
    "throughput" : 1.9648480607218797,
    "receivedKBytesPerSec" : 18.788315107941674,
    "sentKBytesPerSec" : 0.29549472788200143
  },
  "Level 2, Run 1Logout" : {
    "transaction" : "Level 2, Run 1Logout",
    "sampleCount" : 509,
    "errorCount" : 2,
    "errorPct" : 0.39292732,
    "meanResTime" : 675.6522593320238,
    "medianResTime" : 510.0,
    "minResTime" : 72.0,
    "maxResTime" : 4956.0,
    "pct1ResTime" : 1191.0,
    "pct2ResTime" : 1816.5,
    "pct3ResTime" : 3737.699999999995,
    "throughput" : 2.143961316030007,
    "receivedKBytesPerSec" : 21.40466585373045,
    "sentKBytesPerSec" : 0.8394017258046172
  },
  "Level 2, Run 2Look at Product" : {
    "transaction" : "Level 2, Run 2Look at Product",
    "sampleCount" : 565,
    "errorCount" : 18,
    "errorPct" : 3.1858406,
    "meanResTime" : 1536.2141592920364,
    "medianResTime" : 979.0,
    "minResTime" : 0.0,
    "maxResTime" : 11908.0,
    "pct1ResTime" : 2818.6000000000004,
    "pct2ResTime" : 5470.999999999996,
    "pct3ResTime" : 11880.4,
    "throughput" : 2.122193258562017,
    "receivedKBytesPerSec" : 215.93679543888086,
    "sentKBytesPerSec" : 0.32859955903453353
  },
  "Level 2, Run 2Home" : {
    "transaction" : "Level 2, Run 2Home",
    "sampleCount" : 568,
    "errorCount" : 14,
    "errorPct" : 2.4647887,
    "meanResTime" : 1147.87852112676,
    "medianResTime" : 259.0,
    "minResTime" : 16.0,
    "maxResTime" : 29979.0,
    "pct1ResTime" : 782.0000000000002,
    "pct2ResTime" : 1399.2999999999997,
    "pct3ResTime" : 29734.219999999998,
    "throughput" : 1.8944005122885892,
    "receivedKBytesPerSec" : 16.771524781877122,
    "sentKBytesPerSec" : 0.2775000750422738
  },
  "Level 2, Run 2Login" : {
    "transaction" : "Level 2, Run 2Login",
    "sampleCount" : 567,
    "errorCount" : 1,
    "errorPct" : 0.17636684,
    "meanResTime" : 868.8941798941809,
    "medianResTime" : 511.0,
    "minResTime" : 51.0,
    "maxResTime" : 16877.0,
    "pct1ResTime" : 1333.0,
    "pct2ResTime" : 1822.0000000000007,
    "pct3ResTime" : 16818.320000000003,
    "throughput" : 2.098818442950635,
    "receivedKBytesPerSec" : 20.31960465196445,
    "sentKBytesPerSec" : 0.8766368389369689
  },
  "Level 2, Run 1Logout-0" : {
    "transaction" : "Level 2, Run 1Logout-0",
    "sampleCount" : 508,
    "errorCount" : 0,
    "errorPct" : 0.0,
    "meanResTime" : 283.7027559055121,
    "medianResTime" : 199.0,
    "minResTime" : 14.0,
    "maxResTime" : 4456.0,
    "pct1ResTime" : 551.0,
    "pct2ResTime" : 812.9999999999991,
    "pct3ResTime" : 1461.2299999999982,
    "throughput" : 2.1410117544916996,
    "receivedKBytesPerSec" : 2.366821587973246,
    "sentKBytesPerSec" : 0.5268896114569417
  },
  "Level 2, Run 2Add Product to Cart" : {
    "transaction" : "Level 2, Run 2Add Product to Cart",
    "sampleCount" : 561,
    "errorCount" : 10,
    "errorPct" : 1.7825311,
    "meanResTime" : 587.1479500891268,
    "medianResTime" : 372.0,
    "minResTime" : 29.0,
    "maxResTime" : 17761.0,
    "pct1ResTime" : 1082.8000000000002,
    "pct2ResTime" : 1388.9999999999998,
    "pct3ResTime" : 4548.419999999997,
    "throughput" : 2.1119125419747324,
    "receivedKBytesPerSec" : 20.048423435876536,
    "sentKBytesPerSec" : 0.5398820542961044
  },
  "Level 2, Run 2Update Cart" : {
    "transaction" : "Level 2, Run 2Update Cart",
    "sampleCount" : 558,
    "errorCount" : 4,
    "errorPct" : 0.71684587,
    "meanResTime" : 898.6845878136198,
    "medianResTime" : 577.5,
    "minResTime" : 56.0,