{
  "L1: RUN 2" : {
    "transaction" : "L1: RUN 2",
    "sampleCount" : 9804,
    "errorCount" : 36,
    "errorPct" : 0.36719707,
    "meanResTime" : 751.7751937984467,
    "medianResTime" : 596.0,
    "minResTime" : 36.0,
    "maxResTime" : 7708.0,
    "pct1ResTime" : 1465.0,
    "pct2ResTime" : 1957.75,
    "pct3ResTime" : 3028.9500000000007,
    "throughput" : 54.4460981407024,
    "receivedKBytesPerSec" : 1278.1323626699357,
    "sentKBytesPerSec" : 13.486691052130306
  },
  "L1: RUN 3" : {
    "transaction" : "L1: RUN 3",
    "sampleCount" : 10721,
    "errorCount" : 32,
    "errorPct" : 0.29847962,
    "meanResTime" : 694.8885365171135,
    "medianResTime" : 522.0,
    "minResTime" : 11.0,
    "maxResTime" : 14796.0,
    "pct1ResTime" : 1329.800000000001,
    "pct2ResTime" : 1790.7999999999993,
    "pct3ResTime" : 3360.360000000008,
    "throughput" : 58.94351406925217,
    "receivedKBytesPerSec" : 1398.871499739191,
    "sentKBytesPerSec" : 14.603933104045941
  },
  "L2: RUN 3" : {
    "transaction" : "L2: RUN 3",
    "sampleCount" : 10061,
    "errorCount" : 21,
    "errorPct" : 0.20872676,
    "meanResTime" : 541.5122751217581,
    "medianResTime" : 429.0,
    "minResTime" : 12.0,
    "maxResTime" : 6721.0,
    "pct1ResTime" : 1027.800000000001,
    "pct2ResTime" : 1365.0,
    "pct3ResTime" : 2296.379999999999,
    "throughput" : 55.12121627174359,
    "receivedKBytesPerSec" : 1304.9776678708395,
    "sentKBytesPerSec" : 13.664010067114093
  },
  "L2: RUN 2" : {
    "transaction" : "L2: RUN 2",
    "sampleCount" : 9541,
    "errorCount" : 32,
    "errorPct" : 0.33539462,
    "meanResTime" : 565.8527408028519,
    "medianResTime" : 453.0,
    "minResTime" : 17.0,
    "maxResTime" : 5029.0,
    "pct1ResTime" : 1084.0,
    "pct2ResTime" : 1453.5999999999985,
    "pct3ResTime" : 2235.74,
    "throughput" : 53.051828539337095,
    "receivedKBytesPerSec" : 1252.1989557384775,
    "sentKBytesPerSec" : 13.147410388853055
  },
  "L1: RUN 1" : {
    "transaction" : "L1: RUN 1",
    "sampleCount" : 6677,
    "errorCount" : 33,
    "errorPct" : 0.49423394,
    "meanResTime" : 1097.8505316759006,
    "medianResTime" : 784.0,
    "minResTime" : 39.0,
    "maxResTime" : 10505.0,
    "pct1ResTime" : 2304.2,
    "pct2ResTime" : 3156.7999999999956,
    "pct3ResTime" : 5371.3200000000015,
    "throughput" : 36.90785473439832,
    "receivedKBytesPerSec" : 881.8276730746642,
    "sentKBytesPerSec" : 9.116497844231938
  },
  "L2: RUN 1" : {
    "transaction" : "L2: RUN 1",
    "sampleCount" : 6699,
    "errorCount" : 22,
    "errorPct" : 0.32840723,
    "meanResTime" : 813.310195551575,
    "medianResTime" : 603.0,
    "minResTime" : 19.0,
    "maxResTime" : 8420.0,
    "pct1ResTime" : 1667.0,
    "pct2ResTime" : 2151.0,
    "pct3ResTime" : 3752.0,
    "throughput" : 37.278797996661105,
    "receivedKBytesPerSec" : 881.2363487757374,
    "sentKBytesPerSec" : 9.23355331803005
  },
  "L3: RUN 2" : {
    "transaction" : "L3: RUN 2",
    "sampleCount" : 9856,
    "errorCount" : 17,
    "errorPct" : 0.17248377,
    "meanResTime" : 376.8354301948055,
    "medianResTime" : 296.0,
    "minResTime" : 10.0,
    "maxResTime" : 5570.0,
    "pct1ResTime" : 763.0,
    "pct2ResTime" : 1008.0,
    "pct3ResTime" : 1576.7200000000012,
    "throughput" : 54.51960681273821,
    "receivedKBytesPerSec" : 1293.406536347557,
    "sentKBytesPerSec" : 13.523018350444465
  },
  "L3: RUN 3" : {
    "transaction" : "L3: RUN 3",
    "sampleCount" : 10323,
    "errorCount" : 19,
    "errorPct" : 0.18405502,
    "meanResTime" : 353.55361813426316,
    "medianResTime" : 262.0,
    "minResTime" : 2.0,
    "maxResTime" : 4799.0,
    "pct1ResTime" : 731.0,
    "pct2ResTime" : 976.7999999999993,
    "pct3ResTime" : 1658.680000000004,
    "throughput" : 57.14776042560494,
    "receivedKBytesPerSec" : 1360.020848095905,
    "sentKBytesPerSec" : 14.176166756395423
  },
  "L4: RUN 3" : {
    "transaction" : "L4: RUN 3",
    "sampleCount" : 2692,
    "errorCount" : 60,
    "errorPct" : 2.228826,
    "meanResTime" : 685.4565378900435,
    "medianResTime" : 462.0,
    "minResTime" : 0.0,
    "maxResTime" : 22168.0,
    "pct1ResTime" : 1288.4000000000005,
    "pct2ResTime" : 1918.3999999999996,
    "pct3ResTime" : 3363.7100000000087,
    "throughput" : 14.86824591150853,
    "receivedKBytesPerSec" : 349.35733938414427,
    "sentKBytesPerSec" : 3.606054265714665
  },
  "L4: RUN 2" : {
    "transaction" : "L4: RUN 2",
    "sampleCount" : 2535,
    "errorCount" : 11,
    "errorPct" : 0.43392506,
    "meanResTime" : 765.2126232741622,
    "medianResTime" : 489.0,
    "minResTime" : 12.0,
    "maxResTime" : 19571.0,
    "pct1ResTime" : 1554.8000000000002,
    "pct2ResTime" : 2193.0,
    "pct3ResTime" : 6127.119999999983,
    "throughput" : 14.062473996904592,
    "receivedKBytesPerSec" : 334.47486380445395,
    "sentKBytesPerSec" : 3.47978298336634
  },
  "L3: RUN 1" : {
    "transaction" : "L3: RUN 1",
    "sampleCount" : 8601,
    "errorCount" : 23,
    "errorPct" : 0.26741076,
    "meanResTime" : 449.11661434716825,
    "medianResTime" : 366.0,
    "minResTime" : 12.0,
    "maxResTime" : 3728.0,
    "pct1ResTime" : 886.0,
    "pct2ResTime" : 1159.8999999999996,
    "pct3ResTime" : 1709.859999999997,
    "throughput" : 47.55875034559027,
    "receivedKBytesPerSec" : 1136.4359653632155,
    "sentKBytesPerSec" : 11.79494185443738
  },
  "L4: RUN 1" : {
    "transaction" : "L4: RUN 1",
    "sampleCount" : 1134,
    "errorCount" : 9,
    "errorPct" : 0.7936508,
    "meanResTime" : 1593.4805996472667,
    "medianResTime" : 911.0,
    "minResTime" : 31.0,
    "maxResTime" : 25578.0,
    "pct1ResTime" : 2633.0,
    "pct2ResTime" : 3645.75,
    "pct3ResTime" : 23552.450000000055,
    "throughput" : 6.26907257529521,
    "receivedKBytesPerSec" : 147.4566185291451,
    "sentKBytesPerSec" : 1.5438377269360046
  },
  "Total" : {
    "transaction" : "Total",
    "sampleCount" : 88644,
    "errorCount" : 315,
    "errorPct" : 0.355354,
    "meanResTime" : 623.445681602814,
    "medianResTime" : 312.0,
    "minResTime" : 0.0,
    "maxResTime" : 25578.0,
    "pct1ResTime" : 1020.9000000000015,
    "pct2ResTime" : 1469.9500000000007,
    "pct3ResTime" : 3054.9900000000016,
    "throughput" : 485.65401999726066,
    "receivedKBytesPerSec" : 11511.313722007259,
    "sentKBytesPerSec" : 120.25633260854677
  }
}