{
  "Total" : {
    "transaction" : "Total",
    "sampleCount" : 36439,
    "errorCount" : 192,
    "errorPct" : 0.526908,
    "meanResTime" : 954.5471335656922,
    "medianResTime" : 433.0,
    "minResTime" : 0.0,
    "maxResTime" : 34170.0,
    "pct1ResTime" : 1614.9000000000015,
    "pct2ResTime" : 2470.0,
    "pct3ResTime" : 5902.830000000027,
    "throughput" : 120.40815652168166,
    "receivedKBytesPerSec" : 2839.2687401746443,
    "sentKBytesPerSec" : 29.81295140873809
  },
  "L1: RUN 2" : {
    "transaction" : "L1: RUN 2",
    "sampleCount" : 11348,
    "errorCount" : 33,
    "errorPct" : 0.29080015,
    "meanResTime" : 1069.986693690517,
    "medianResTime" : 734.0,
    "minResTime" : 14.0,
    "maxResTime" : 14942.0,
    "pct1ResTime" : 2332.1000000000004,
    "pct2ResTime" : 3095.649999999998,
    "pct3ResTime" : 5662.360000000008,
    "throughput" : 37.60591991675531,
    "receivedKBytesPerSec" : 904.7204692310304,
    "sentKBytesPerSec" : 9.31058449919804
  },
  "L2: RUN 2" : {
    "transaction" : "L2: RUN 2",
    "sampleCount" : 7293,
    "errorCount" : 67,
    "errorPct" : 0.91868913,
    "meanResTime" : 715.1255998903067,
    "medianResTime" : 364.0,
    "minResTime" : 0.0,
    "maxResTime" : 29979.0,
    "pct1ResTime" : 1181.0,
    "pct2ResTime" : 1720.199999999997,
    "pct3ResTime" : 9234.259999999811,
    "throughput" : 24.299308304346088,
    "receivedKBytesPerSec" : 550.8605185072735,
    "sentKBytesPerSec" : 6.010037875001665
  },
  "L1: RUN 1" : {
    "transaction" : "L1: RUN 1",
    "sampleCount" : 11137,
    "errorCount" : 38,
    "errorPct" : 0.341205,
    "meanResTime" : 1078.380712938856,
    "medianResTime" : 729.0,
    "minResTime" : 22.0,
    "maxResTime" : 12407.0,
    "pct1ResTime" : 2354.2000000000007,
    "pct2ResTime" : 3181.1000000000004,
    "pct3ResTime" : 5229.620000000001,
    "throughput" : 37.107748079140094,
    "receivedKBytesPerSec" : 889.5667465497825,
    "sentKBytesPerSec" : 9.193723271642577
  },
  "L2: RUN 1" : {
    "transaction" : "L2: RUN 1",
    "sampleCount" : 6661,
    "errorCount" : 54,
    "errorPct" : 0.8106891,
    "meanResTime" : 812.9705749887435,
    "medianResTime" : 404.0,
    "minResTime" : 0.0,
    "maxResTime" : 34170.0,
    "pct1ResTime" : 1394.8000000000002,
    "pct2ResTime" : 2154.5999999999985,
    "pct3ResTime" : 6097.120000000019,
    "throughput" : 22.198671612294753,
    "receivedKBytesPerSec" : 512.9680351761547,
    "sentKBytesPerSec" : 5.4975531961204815
  }
}