{
  "Level 1, Run 1Logout" : {
    "transaction" : "Level 1, Run 1Logout",
    "sampleCount" : 851,
    "errorCount" : 9,
    "errorPct" : 1.0575793,
    "meanResTime" : 1151.7038777908344,
    "medianResTime" : 904.0,
    "minResTime" : 161.0,
    "maxResTime" : 11473.0,
    "pct1ResTime" : 1946.2000000000003,
    "pct2ResTime" : 2511.2,
    "pct3ResTime" : 5570.720000000007,
    "throughput" : 2.9031091582689146,
    "receivedKBytesPerSec" : 28.85847894542257,
    "sentKBytesPerSec" : 1.131841580983441
  },
  "Level 1, Run 1Add Product to Cart" : {
    "transaction" : "Level 1, Run 1Add Product to Cart",
    "sampleCount" : 856,
    "errorCount" : 2,
    "errorPct" : 0.23364486,
    "meanResTime" : 993.5292056074768,
    "medianResTime" : 813.0,
    "minResTime" : 49.0,
    "maxResTime" : 4575.0,
    "pct1ResTime" : 1990.7000000000012,
    "pct2ResTime" : 2353.0,
    "pct3ResTime" : 3092.1499999999996,
    "throughput" : 2.906157591148441,
    "receivedKBytesPerSec" : 27.74031035900043,
    "sentKBytesPerSec" : 0.7440252001378387
  },
  "Level 1, Run 2Add Product to Cart" : {
    "transaction" : "Level 1, Run 2Add Product to Cart",
    "sampleCount" : 878,
    "errorCount" : 15,
    "errorPct" : 1.7084283,
    "meanResTime" : 945.0649202733483,
    "medianResTime" : 742.5,
    "minResTime" : 48.0,
    "maxResTime" : 6523.0,
    "pct1ResTime" : 1789.3000000000002,
    "pct2ResTime" : 2517.5999999999976,
    "pct3ResTime" : 4626.660000000009,
    "throughput" : 2.9442734217286035,
    "receivedKBytesPerSec" : 27.791364888072337,
    "sentKBytesPerSec" : 0.7426081142314372
  },
  "Level 1, Run 2Login" : {
    "transaction" : "Level 1, Run 2Login",
    "sampleCount" : 887,
    "errorCount" : 2,
    "errorPct" : 0.22547914,
    "meanResTime" : 1454.9853438556952,
    "medianResTime" : 1157.0,
    "minResTime" : 70.0,
    "maxResTime" : 8614.0,
    "pct1ResTime" : 2949.2,
    "pct2ResTime" : 3862.3999999999955,
    "pct3ResTime" : 5735.200000000003,
    "throughput" : 2.9407279213330417,
    "receivedKBytesPerSec" : 28.44948542959659,
    "sentKBytesPerSec" : 1.2301781376191046
  },
  "Level 1, Run 1Login-0" : {
    "transaction" : "Level 1, Run 1Login-0",
    "sampleCount" : 859,
    "errorCount" : 0,
    "errorPct" : 0.0,
    "meanResTime" : 571.7904540162971,
    "medianResTime" : 387.0,
    "minResTime" : 65.0,
    "maxResTime" : 2894.0,
    "pct1ResTime" : 1277.0,
    "pct2ResTime" : 1750.0,
    "pct3ResTime" : 2235.2,
    "throughput" : 2.8722276650026246,
    "receivedKBytesPerSec" : 2.25228708233162,
    "sentKBytesPerSec" : 0.7817175938155153
  },
  "Level 1, Run 1Update Cart" : {
    "transaction" : "Level 1, Run 1Update Cart",
    "sampleCount" : 854,
    "errorCount" : 3,
    "errorPct" : 0.35128805,
    "meanResTime" : 1360.2775175644035,
    "medianResTime" : 1057.5,
    "minResTime" : 157.0,
    "maxResTime" : 6668.0,
    "pct1ResTime" : 2524.5,
    "pct2ResTime" : 3241.0,
    "pct3ResTime" : 4817.35,
    "throughput" : 2.905196696104179,
    "receivedKBytesPerSec" : 29.61266086059648,
    "sentKBytesPerSec" : 1.268850876066486
  },
  "Level 1, Run 2Login-0" : {
    "transaction" : "Level 1, Run 2Login-0",
    "sampleCount" : 887,
    "errorCount" : 0,
    "errorPct" : 0.0,
    "meanResTime" : 658.4441939120634,
    "medianResTime" : 489.0,
    "minResTime" : 26.0,
    "maxResTime" : 4515.0,
    "pct1ResTime" : 1399.6000000000001,
    "pct2ResTime" : 1699.7999999999975,
    "pct3ResTime" : 2422.04,
    "throughput" : 2.9500487240290947,
    "receivedKBytesPerSec" : 2.3133812782075545,
    "sentKBytesPerSec" : 0.8029155895690667
  },
  "Level 1, Run 1Login-1" : {
    "transaction" : "Level 1, Run 1Login-1",
    "sampleCount" : 859,
    "errorCount" : 0,
    "errorPct" : 0.0,
    "meanResTime" : 746.2898719441212,
    "medianResTime" : 553.0,
    "minResTime" : 40.0,
    "maxResTime" : 6364.0,
    "pct1ResTime" : 1559.0,
    "pct2ResTime" : 2096.0,
    "pct3ResTime" : 3158.2,
    "throughput" : 2.8647179470077204,
    "receivedKBytesPerSec" : 25.508299063297258,
    "sentKBytesPerSec" : 0.419636418018709
  },
  "Level 1, Run 2Login-1" : {
    "transaction" : "Level 1, Run 2Login-1",
    "sampleCount" : 887,
    "errorCount" : 2,
    "errorPct" : 0.22547914,
    "meanResTime" : 796.5388951521983,
    "medianResTime" : 565.0,
    "minResTime" : 29.0,
    "maxResTime" : 6903.0,
    "pct1ResTime" : 1655.0000000000002,
    "pct2ResTime" : 2333.3999999999987,
    "pct3ResTime" : 4171.040000000002,
    "throughput" : 2.9418885797013004,
    "receivedKBytesPerSec" : 26.153731764519563,
    "sentKBytesPerSec" : 0.4299690284968508
  },
  "Level 1, Run 1Update Cart-0" : {
    "transaction" : "Level 1, Run 1Update Cart-0",
    "sampleCount" : 854,
    "errorCount" : 0,
    "errorPct" : 0.0,
    "meanResTime" : 581.192037470726,
    "medianResTime" : 361.0,
    "minResTime" : 22.0,
    "maxResTime" : 3629.0,
    "pct1ResTime" : 1415.5,
    "pct2ResTime" : 1824.0,
    "pct3ResTime" : 2822.600000000012,
    "throughput" : 2.905710708258479,
    "receivedKBytesPerSec" : 1.898359827954026,
    "sentKBytesPerSec" : 0.8336188219622734
  },
  "Level 1, Run 2Logout" : {
    "transaction" : "Level 1, Run 2Logout",
    "sampleCount" : 858,
    "errorCount" : 1,
    "errorPct" : 0.11655012,
    "meanResTime" : 1151.363636363635,
    "medianResTime" : 876.0,
    "minResTime" : 91.0,
    "maxResTime" : 7597.0,
    "pct1ResTime" : 2257.3,
    "pct2ResTime" : 2946.1499999999996,
    "pct3ResTime" : 5384.399999999986,
    "throughput" : 2.9089084473616404,
    "receivedKBytesPerSec" : 29.09769605996318,
    "sentKBytesPerSec" : 1.1414771927846865
  },
  "Level 1, Run 2Update Cart-1" : {
    "transaction" : "Level 1, Run 2Update Cart-1",
    "sampleCount" : 858,
    "errorCount" : 0,
    "errorPct" : 0.0,
    "meanResTime" : 755.3135198135203,
    "medianResTime" : 555.5,
    "minResTime" : 31.0,
    "maxResTime" : 8592.0,
    "pct1ResTime" : 1468.1,
    "pct2ResTime" : 1945.2999999999997,
    "pct3ResTime" : 3991.599999999998,
    "throughput" : 2.9815063209323984,
    "receivedKBytesPerSec" : 28.51065419391606,
    "sentKBytesPerSec" : 0.448390599046474
  },
  "Level 1, Run 2Home" : {
    "transaction" : "Level 1, Run 2Home",
    "sampleCount" : 887,
    "errorCount" : 0,
    "errorPct" : 0.0,
    "meanResTime" : 599.4250281848928,
    "medianResTime" : 463.0,
    "minResTime" : 33.0,
    "maxResTime" : 4599.0,
    "pct1ResTime" : 1247.2,
    "pct2ResTime" : 1525.7999999999947,
    "pct3ResTime" : 2608.28,
    "throughput" : 2.9897331149176556,
    "receivedKBytesPerSec" : 26.621471232245298,
    "sentKBytesPerSec" : 0.437949186755516
  },
  "Level 1, Run 2Update Cart-0" : {
    "transaction" : "Level 1, Run 2Update Cart-0",
    "sampleCount" : 858,
    "errorCount" : 0,
    "errorPct" : 0.0,
    "meanResTime" : 671.3986013986007,
    "medianResTime" : 543.5,
    "minResTime" : 14.0,
    "maxResTime" : 3049.0,
    "pct1ResTime" : 1400.5,
    "pct2ResTime" : 1765.049999999999,
    "pct3ResTime" : 2513.9399999999987,
    "throughput" : 2.9852200295042723,
    "receivedKBytesPerSec" : 1.9503048825569906,
    "sentKBytesPerSec" : 0.8563983150729256
  },
  "Level 1, Run 2Look at Product" : {
    "transaction" : "Level 1, Run 2Look at Product",
    "sampleCount" : 884,
    "errorCount" : 6,
    "errorPct" : 0.67873305,
    "meanResTime" : 2243.419683257921,
    "medianResTime" : 1657.0,
    "minResTime" : 116.0,
    "maxResTime" : 11124.0,
    "pct1ResTime" : 4367.0,
    "pct2ResTime" : 5614.25,
    "pct3ResTime" : 8720.25,
    "throughput" : 2.9412645441206315,
    "receivedKBytesPerSec" : 344.28279747031286,
    "sentKBytesPerSec" : 0.4672018018572555
  },
  "Level 1, Run 1Look at Product" : {
    "transaction" : "Level 1, Run 1Look at Product",
    "sampleCount" : 857,
    "errorCount" : 1,
    "errorPct" : 0.11668611,
    "meanResTime" : 2675.38039673279,
    "medianResTime" : 2355.0,
    "minResTime" : 153.0,
    "maxResTime" : 12407.0,
    "pct1ResTime" : 4776.8,